Nelsonville, Ohio(OH), 45764
Clarkton, North Carolina(NC), 28433
Vail, Colorado(CO), 81657
Marinette, Wisconsin(WI), 54143
Cuyahoga Falls, Ohio(OH), 44221
Frankfort, Indiana(IN), 46041
Lutz, Florida(FL), 33558
Park City, Kentucky(KY), 42160
Ashton, Illinois(IL), 61006
Lacon, Illinois(IL), 61540
Polo, Illinois(IL), 61064
Gardner, Massachusetts(MA), 01440
Kent, Washington(WA), 98042
Oxford, Pennsylvania(PA), 19363
Eagle Mountain, Utah(UT), 84005
Winston Salem, North Carolina(NC), 27104
Knox, Indiana(IN), 46534
Lakeland, Georgia(GA), 31635
Liberty Hill, Texas(TX), 78642
Hickory, North Carolina(NC), 28601
Egg Harbor Township, New Jersey(NJ), 08234
Windermere, Florida(FL), 34786
Randolph, Massachusetts(MA), 02368
Metairie, Louisiana(LA), 70003
South Hackensack, New Jersey(NJ), 07606
11974 Round Lake 42nd Ln
Wetmore, Michigan(MI), 49895
Dowling, Michigan(MI), 49050
Germantown, Maryland(MD), 20874
Sherburn, Minnesota(MN), 56171
Paradise, Utah(UT), 84328
Winter Springs, Florida(FL), 32708
Staunton, Illinois(IL), 62088
Salem, South Carolina(SC), 29676
West Bloomfield, Michigan(MI), 48322
Groveland, Florida(FL), 34736
Lawton, Oklahoma(OK), 73505
Brea, California(CA), 92821
Poynette, Wisconsin(WI), 53955
Plainview, Nebraska(NE), 68769
Indiana, Pennsylvania(PA), 15701
Rockford, Illinois(IL), 61109
Debary, Florida(FL), 32713
Ontario, Oregon(OR), 97914
Morganton, North Carolina(NC), 28655
Bay City, Michigan(MI), 48706 
Grand Island, Nebraska(NE), 68801
Penn Yan, New York(NY), 14527
Saint Gabriel, Louisiana(LA), 70776
Accomac, Virginia(VA), 23301
South Richmond Hill, New York(NY), 11419
Fort Wainwright, Alaska(AK), 99703
Brantley, Alabama(AL), 36009
Hockessin, Delaware(DE), 19707
Cantonment, Florida(FL), 32533
Polk City, Iowa(IA), 50226
Byron, Georgia(GA), 31008
Bennett, North Carolina(NC), 27208
Fordsville, Kentucky(KY), 42343
Greenfield Center, New York(NY), 12833
West Lafayette, Ohio(OH), 43845
Stockbridge, Michigan(MI), 49285
Kalama, Washington(WA), 98625
Puyallup, Washington(WA), 98372
Fort Madison, Iowa(IA), 52627
Gillsville, Georgia(GA), 30543
Rancho Cordova, California(CA), 95670
Elberton, Georgia(GA), 30635
Okolona, Mississippi(MS), 38860
Chillicothe, Missouri(MO), 64601
Sheridan, Wyoming(WY), 82801
Calimesa, California(CA), 92320
Hewitt, Minnesota(MN), 56453
Lineville, Alabama(AL), 36266
Florence, Kentucky(KY), 41042
Rockbridge, Ohio(OH), 43149
Milton, Indiana(IN), 47357
Thief River Falls, Minnesota(MN), 56701
Smithfield, Pennsylvania(PA), 15478
Blue Ridge, Virginia(VA), 24064
Dowagiac, Michigan(MI), 49047
Bristol, Florida(FL), 32321
East Northport, New York(NY), 11731
Racine, Ohio(OH), 45771
Bradford, Ohio(OH), 45308
Moberly, Missouri(MO), 65270
Chesterton, Indiana(IN), 46304
Berkley, Michigan(MI), 48072
Niles, Ohio(OH), 44446
Palatine, Illinois(IL), 60074
Pelham, New Hampshire(NH), 03076
Deport, Texas(TX), 75435