FirstName,LastName
Orla,Chaney
Erasmus,Watson
Harper,Stevenson
Simon,Horton
Whoopi,Robinson
Whoopi,Collins
Heather,Harding
Hayfa,Thompson
Melinda,Robles
Venus,Spencer
Teagan,Stark
Bo,Mcdaniel
Vivian,Strong
Aaron,Russell
Kelsey,Navarro
Alfreda,Horton
Orli,Adams
Justine,Warren
Jenette,Mccarthy
Kathleen,Whitaker
Avram,Davis
Ian,Burgess
Keane,Harper
Deacon,English
Hasad,Battle
Yoshi,Pace
Velma,Stark
Shafira,Patton
Alan,Washington
Ciaran,Raymond
Kevyn,Kerr
Daquan,Doyle
Luke,Bishop
Cullen,Gonzalez
Charde,Scott
Virginia,Fuentes
Ferris,Joyce
Skyler,Calderon
Josephine,Hines
Aline,Rowe
Andrew,Waters
Marsden,Carpenter
Xanthus,Vargas
Nicole,Cantrell
Velma,Mckay
Mari,Hendricks
Moana,Carver
Grant,Park
Patrick,Mcgee
Plato,Callahan
Alec,Cole
Eaton,Fitzpatrick
Violet,Bradley
Cleo,Collier
Odette,Whitfield
Elvis,Hayes
Tyler,Gallegos
Shannon,Beach
Louis,Pruitt
Alvin,Terry
Rina,Bentley
Chanda,Briggs
Allen,Vinson
Lesley,Montgomery
Hunter,Soto
Vernon,Becker
Murphy,Nielsen
Nicole,Herrera
Maxwell,Nelson
Colin,Rhodes
Kuame,Kane
Castor,Washington
Belle,Rojas
Louis,Fuller
Reece,Mccall
Aphrodite,Hart
Valentine,Rice
Keane,Chase
Stone,Rosales
Colby,Hoover
Xander,Lowe
Laith,William
Brady,Randall
Blake,Pratt
Olivia,Nguyen
Kevin,Vang
Angelica,Simmons
Amal,Murphy
Roanna,Wilkerson
Elliott,Cox
Rhona,Gilbert
Ulla,Fowler
Jasper,Holland
Garrett,Hobbs
Nero,Goodman
Arthur,Townsend
Darryl,Murphy
Heather,Callahan
Herman,Richards
Jameson,Yang
